<?xml version="1.0" encoding="UTF-8"?>
<config-groups xmlns="http://xmlns.oracle.com/weblogic/config-groups">
    <app-svc-groups>
        <group name="ODI-SCHEDULER">
            <app-deployment name="oracledischeduler"/>
        </group>
    </app-svc-groups>
    <domain-topology>

        <server-group name="ODI-MGD-SVRS">
            <server-prefix instances="1">ESS</server-prefix>
        </server-group>

        <server-group name="ODI-ADMIN-SVR" admin-server="true"/>

        <app-svc-group-mapping>
            <app-svc-group>ESS-MAIN-APPS</app-svc-group>
            <target-server-group>ODI-MGD-SVRS</target-server-group>
        </app-svc-group-mapping>

        <app-svc-group-mapping>
            <app-svc-group>ODI-SDK-SL</app-svc-group>
            <target-server-group>ODI-MGD-SVRS</target-server-group>
        </app-svc-group-mapping>

        <app-svc-group-mapping>
            <app-svc-group>ODI-ESS-SL</app-svc-group>
            <target-server-group>ODI-MGD-SVRS</target-server-group>
        </app-svc-group-mapping>

        <app-svc-group-mapping>
            <app-svc-group>ODI-SCHEDULER</app-svc-group>
            <target-server-group>ODI-MGD-SVRS</target-server-group>
        </app-svc-group-mapping>

        <app-svc-group-mapping>
            <app-svc-group>JRF-ALL-APPS</app-svc-group>
            <target-server-group>ODI-MGD-SVRS</target-server-group>
        </app-svc-group-mapping>

        <app-svc-group-mapping>
            <app-svc-group>JRF-ALL-APPS</app-svc-group>
            <target-server-group>ODI-ADMIN-SVRS</target-server-group>
        </app-svc-group-mapping>

    </domain-topology>
</config-groups>
