<?xml version="1.0" encoding="UTF-8"?>
<component-security-info 
    name="odigeneratedagent"
    version="12.1.1.1.0"
    description="Policy and audit artifacts required by webcenter app"
    owner="Oracle Corp."
    state="ACTIVE" 
    xmlns:xsi="http://www.w3.org/2001/XMLSchema-instance" 
    xsi:noNamespaceSchemaLocation="component-security-info.xsd ">
    <packaged-artifacts>
        <artifact type="POLICY">
            <file-path>./authorization/jazn-data.xml</file-path>
            <registration>
                <target-name>ORACLEDIAGENTNAME</target-name>
                <processing-mode>MERGE</processing-mode>
                <lifecycle>DEPLOYMENT</lifecycle>
                 <config-param>
                    <param-name>identity.reference</param-name>
                    <param-value>purge</param-value>
                </config-param>                
            </registration>            
        </artifact>
        <artifact type="CREDENTIAL">
            <file-path>./credential/credentials.xml</file-path>
            <registration>
                <target-name>ORACLEDIAGENTNAME</target-name>
                <processing-mode>MERGE</processing-mode>
                <lifecycle>PERPETUAL</lifecycle>
            </registration>            
        </artifact>   
    </packaged-artifacts>
</component-security-info>