<?xml version="1.0"?>

<!-- $Header: odi/src/javadev/odi.template.generator/templates/wlsgen/default_app/config-mapping.xml /main/3 2013/05/20 00:13:25 vlakkara Exp $ -->

<!-- Copyright (c) 2012, 2013, Oracle and/or its affiliates. 
All rights reserved. -->
<!-- 	NAME config-mapping.xml - <one-line expansion of the name> 
	
	DESCRIPTION This XML defines the endpoint connections for ODI Agent. These entries will be made offline to CCW Service table while domain creation.
	
	NOTES <other useful comments, qualifications, etc.> 
	
	MODIFIED (MM/DD/YY) 
	vlakkara 10/17/12 - Intial file creation for Cross Component Wiring project vlakkara 10/17/12 - Creation -->

<config-mapping xmlns="http://xmlns.oracle.com/weblogic/config-mapping">
	<publish>
		<service type="NEW" service-id="urn:oracle:fmw.ORACLEDIAGENTNAME:jaxws" service-type="odi:jaxws:url">
			<publish-attribute reprocess="true">
				<input-data-src>
					<auto-url-gen>
						<app-svc-name>ORACLEDIAGENTNAME</app-svc-name>
						<context-path>/ORACLEDIAGENTNAME/OdiInvoke?wsdl</context-path>
					</auto-url-gen>
				</input-data-src>
				<output-data-target>
					<target-url>ALL_URL</target-url>
					<entry-type>jaxWS</entry-type>
				</output-data-target>
			</publish-attribute>
		</service>

		<service type="NEW" service-id="urn:oracle:fmw.ORACLEDIAGENTNAME:http" service-type="odi:http:url">
			<publish-attribute reprocess="true">
				<input-data-src>
					<auto-url-gen>
						<app-svc-name>ORACLEDIAGENTNAME</app-svc-name>
						<context-path>/ORACLEDIAGENTNAME</context-path>
					</auto-url-gen>
				</input-data-src>
				<output-data-target>
					<target-url>ALL_URL</target-url>
					<entry-type>jaxWS</entry-type>
				</output-data-target>
			</publish-attribute>
		</service>
	</publish>

</config-mapping>


