<?xml version="1.0" encoding="UTF-8"?>
<config-groups xmlns="http://xmlns.oracle.com/weblogic/config-groups">
    <app-svc-groups>
        <group name="ODI-AGENT">
            <app-deployment name="ORACLEDIAGENTNAME"/>
        </group>
    </app-svc-groups>
    <domain-topology>
	<!--COMMENTED_CODE_FOR_NON_FA_SMC_TEMPLATE
       	<server-group name="ODIMGDSVRS_GROUP_NAME">
            <server-prefix instances="1">ODI</server-prefix>
        </server-group>

        <app-svc-group-mapping>
            <app-svc-group>JRF-ALL-APPS</app-svc-group>
            <target-server-group>ODIMGDSVRS_GROUP_NAME</target-server-group>
        </app-svc-group-mapping>

        <app-svc-group-mapping>
            <app-svc-group>ODI-AGENT-SHAREDLIBS</app-svc-group>
            <target-server-group>ODIMGDSVRS_GROUP_NAME</target-server-group>
        </app-svc-group-mapping>

	 <app-svc-group-mapping>
            <app-svc-group>ODI-AGENT</app-svc-group>
            <target-server-group>ODIMGDSVRS_GROUP_NAME</target-server-group>
        </app-svc-group-mapping>

	 <app-svc-group-mapping>
            <app-svc-group>JRF-ALL-APPS</app-svc-group>
            <target-server-group>ODI-DYN-CLUSTER</target-server-group>
        </app-svc-group-mapping>

        <app-svc-group-mapping>
            <app-svc-group>ODI-AGENT-SHAREDLIBS</app-svc-group>
            <target-server-group>ODI-DYN-CLUSTER</target-server-group>
        </app-svc-group-mapping>

	<app-svc-group-mapping>
            <app-svc-group>ODI-AGENT</app-svc-group>
            <target-server-group>ODI-DYN-CLUSTER</target-server-group>
        </app-svc-group-mapping>
	COMMENTED_CODE_FOR_NON_FA_SMC_TEMPLATE-->

	<!--COMMENTED_CODE_FOR_ESS_LIB_REF
        <app-svc-group-mapping>
            <app-svc-group>ESS-CLIENT-APPS</app-svc-group>
            <target-server-group>ODIMGDSVRS_GROUP_NAME</target-server-group>
        </app-svc-group-mapping>

	<app-svc-group-mapping>
            <app-svc-group>ESS-CLIENT-APPS</app-svc-group>
            <target-server-group>ODI-DYN-CLUSTER</target-server-group>
        </app-svc-group-mapping>
	COMMENTED_CODE_FOR_ESS_LIB_REF-->
       
    </domain-topology>

</config-groups>
