<?xml version = "1.0" encoding = "UTF-8" standalone = 'yes'?>
<jazn-data xmlns:xsi="http://www.w3.org/2001/XMLSchema-instance"
        xsi:noNamespaceSchemaLocation="http://xmlns.oracle.com/oracleas/schema/jazn-data-11_0.xsd">

<!-- there is a copy of this file in -->
<!-- odi.template.generator/templates/static/wls/agent_template/security/authorization/jazn-data.xml-->

    <jazn-policy>
        <grant>
            <grantee>
                <codesource>
                     <url>file:${oracle.odi.home}/sdk/lib/-</url>
                </codesource>
            </grantee>
            <permissions>
                <permission>
                    <class>oracle.security.jps.service.credstore.CredentialAccessPermission</class>
                    <name>context=SYSTEM,mapName=CREDENTIALMAPNAME,keyName=CREDENTIALKEYNAME</name>
                    <actions>*</actions>
                </permission>
            </permissions>
        </grant>
    </jazn-policy>
</jazn-data>
